Task ID,Story ID,Task Name,Phase,Type,Week,Assignee,Classification,Approx Effort (days),One-Time / Recurring,Importance,Recommendation,Observations & Analysis
,,SPRINT 1 — ML INFRASTRUCTURE & EXPERIMENT SETUP,,,,,,,,,,
T001,S001,Provision Azure ML Workspace (Enterprise / MLflow Native / Unity Catalog),P1,MLOps,Wk1,MLOps Engineer,ML Infrastructure,2,One-Time,Critical,KEEP — Sprint 1,"Central ML hub. Experiment tracking / model registry / compute management. Managed Identity for ADLS/SQL access."
T002,S001,Provision ML Training Cluster (DS13_v2 / Auto 0-8 nodes / Low-priority),P1,MLOps,Wk1,MLOps Engineer,ML Infrastructure,1,One-Time,Critical,KEEP — Sprint 1,"Training compute for daily 02:00 UTC jobs. 3-hr window. 4-8 parallel jobs. Idle timeout: 1200s. Low-priority for 60% cost savings."
T003,S001,Provision ML Compute Instances (DS3_v2 x2 / DS4_v2 x1 for notebooks),P1,MLOps,Wk1,MLOps Engineer,ML Infrastructure,1,One-Time,High,KEEP — Sprint 1,"3 dev instances for ML engineers. Jupyter/VS Code. Auto-shutdown 60min. 3rd instance (DS4) for PS1/PS5 heavy workloads."
T004,S002,Configure MLflow tracking server (SQLite local → Azure SQL production),P1,MLOps,Wk1,MLOps Engineer,ML Infrastructure,2,One-Time,Critical,KEEP — Sprint 1,"Local: sqlite:///mlruns/mlflow.db. Prod: Azure SQL backend + ADLS artifact store. Artifact location: abfss://models@storage/mlflow/"
T005,S002,Create 6 MLflow experiments (PS1-PS5 + Drift_Detection),P1,MLOps,Wk1,MLOps Engineer,ML Infrastructure,1,One-Time,Critical,KEEP — Sprint 1,"Experiments: PS1_Failure_Prediction / PS2_Error_Pattern_Recognition / PS3_Root_Cause_Analysis / PS4_Anomaly_Detection / PS5_SLA_Risk_Prediction / Drift_Detection"
T006,S002,Configure MLflow auto-logging (params / metrics / artifacts / models),P1,MLOps,Wk1,MLOps Engineer,ML Infrastructure,1,One-Time,High,KEEP — Sprint 1,"mlflow.sklearn.autolog() / mlflow.xgboost.autolog(). Custom artifact logging for plots / CSVs / SHAP values. Run naming convention."
T007,S003,Set up ML environment definitions (conda.yml / requirements.txt / Docker base),P1,MLOps,Wk2,MLOps Engineer,ML Infrastructure,2,One-Time,High,KEEP — Sprint 1,"5 registered environments: mars-env-ps{1-5}. Version-pinned packages. Linked to ACR Docker images. Reproducibility guarantee."
T008,S003,Configure ML model accuracy gates (>90% overall / >92% critical devices),P1,MLOps,Wk2,MLOps Engineer,ML Infrastructure,2,One-Time,Critical,KEEP — Sprint 1,"Automated validation script. Checks AUC/F1/Precision/Recall against thresholds. AUTO-REJECT if accuracy<90%. Alert on failure."
T009,S003,Set up ML experiment naming conventions and tagging standards,P1,MLOps,Wk2,MLOps Engineer,ML Infrastructure,1,One-Time,Medium,KEEP — Sprint 1,"Run naming: PS{n}_{Model}_{timestamp}. Tags: model_type / dataset_version / feature_count / data_quality_score / trigger_reason."
,,,,,,,,,,,,
,,SPRINT 2 — PS-1 FAILURE PREDICTION (Full Development),,,,,,,,,,
T010,S004,PS-1: Define target variable (device_failed binary label from maintenance records),P2,ML,Wk3,ML Engineer,PS-1 Specific,2,One-Time,Critical,KEEP — Sprint 2,"Binary classification: 1=failed within 7 days / 0=no failure. Join Gold features with maintenance_events. Handle class imbalance (expected 3-5% positive)."
T011,S004,PS-1: Perform exploratory data analysis (EDA) on Gold features,P2,ML,Wk3,ML Engineer,PS-1 Specific,3,One-Time,High,KEEP — Sprint 2,"Distribution analysis / correlation matrix / target balance check / outlier detection / missing value patterns. Output: EDA_report.html notebook."
T012,S004,PS-1: Feature selection — filter methods (variance threshold / mutual information),P2,ML,Wk3,ML Engineer,PS-1 Specific,2,Recurring,High,KEEP — Sprint 2,"Remove zero-variance features. Mutual information ranking. Select top 20-30 from 85-120 candidates. Log selected features to MLflow."
T013,S005,PS-1: Implement train/test split (80/20 time-based stratified),P2,ML,Wk3,ML Engineer,PS-1 Specific,1,Recurring,Critical,KEEP — Sprint 2,"Time-based split (no data leakage). Stratify by failure label. Train: days 1-24 / Test: days 25-30. Log split statistics to MLflow."
T014,S005,PS-1: Handle class imbalance (SMOTE / class_weight / threshold tuning),P2,ML,Wk3,ML Engineer,PS-1 Specific,2,Recurring,High,KEEP — Sprint 2,"SMOTE oversampling on training set only. Compare: SMOTE vs class_weight='balanced' vs threshold optimization. Log best strategy."
T015,S005,PS-1: Feature scaling and preprocessing pipeline (StandardScaler / OrdinalEncoder),P2,ML,Wk3,ML Engineer,PS-1 Specific,1,Recurring,High,KEEP — Sprint 2,"sklearn Pipeline: StandardScaler for numerics / OrdinalEncoder for categoricals. Save fitted preprocessor as artifact. Training-serving consistency."
T016,S006,PS-1: Train Random Forest (n_estimators=500 / max_depth=15 / min_samples=10),P2,ML,Wk4,ML Engineer,PS-1 Specific,3,Recurring,Critical,KEEP — Sprint 2,"RF baseline. GridSearchCV: n_estimators=[300/500/700] / max_depth=[10/15/20] / min_samples_leaf=[5/10/20]. 5-fold CV. Ensemble weight: 0.45."
T017,S006,PS-1: Train XGBoost (n_estimators=300 / learning_rate=0.05 / max_depth=12),P2,ML,Wk4,ML Engineer,PS-1 Specific,3,Recurring,Critical,KEEP — Sprint 2,"XGBoost with early stopping. GridSearchCV: lr=[0.01/0.05/0.1] / max_depth=[8/10/12] / subsample=[0.8/1.0]. eval_metric=logloss. Weight: 0.35."
T018,S006,PS-1: Train CatBoost (iterations=1200 / depth=8 / learning_rate=0.03),P2,ML,Wk4,ML Engineer,PS-1 Specific,3,Recurring,Critical,KEEP — Sprint 2,"CatBoost native categorical handling. GridSearchCV: iterations=[800/1200/1500] / depth=[6/8/10] / l2_reg=[1/3/5]. GPU optional. Weight: 0.20."
T019,S007,PS-1: Optimize ensemble weights via grid search on validation set,P2,ML,Wk4,ML Engineer,PS-1 Specific,2,Recurring,Critical,KEEP — Sprint 2,"Grid search over weight combinations (w1+w2+w3=1). Optimize for AUC on validation fold. Current best: 0.45/0.35/0.20. Log optimal weights."
T020,S007,PS-1: Calculate confusion matrix / precision / recall / F1 / AUC / avg_precision,P2,ML,Wk4,ML Engineer,PS-1 Specific,1,Recurring,Critical,KEEP — Sprint 2,"Full classification report on test set. ROC curve + PR curve as artifacts. Target: AUC>0.95 / F1>0.60 / Precision>0.70. Log all metrics."
T021,S007,PS-1: Generate ROC curve / PR curve / confusion matrix plots,P2,ML,Wk4,ML Engineer,PS-1 Specific,1,Recurring,High,KEEP — Sprint 2,"matplotlib plots: cm_{model}.png / roc_curve.png / pr_curve.png. Log as MLflow artifacts. Compare 3 models side-by-side."
T022,S007,PS-1: Generate feature importance plots (per model + ensemble),P2,ML,Wk4,ML Engineer,PS-1 Specific,1,Recurring,High,KEEP — Sprint 2,"feature_importance_{model}.png for RF/XGB/CB. Ensemble-weighted importance. Top 15 features bar chart. Log as artifacts."
T023,S008,PS-1: Implement threshold optimization (maximize F1 / business cost matrix),P2,ML,Wk5,ML Engineer,PS-1 Specific,2,Recurring,High,KEEP — Sprint 2,"Sweep threshold 0.1→0.9. Plot F1 vs threshold. Business cost: false_negative=10x cost of false_positive. Optimal threshold likely 0.35-0.50."
T024,S008,PS-1: Apply accuracy gate validation (>90% required / AUTO-REJECT if fail),P2,ML,Wk5,MLOps Engineer,PS-1 Specific,1,Recurring,Critical,KEEP — Sprint 2,"Automated check: if accuracy<0.90 → REJECT + alert. If AUC<0.90 → REJECT + alert. Log pass/fail decision. Block deployment on failure."
T025,S008,PS-1: Register champion model in MLflow (Production stage),P2,MLOps,Wk5,MLOps Engineer,PS-1 Specific,1,Recurring,Critical,KEEP — Sprint 2,"Register best model (highest AUC). Stage: None→Staging→Production. Log: model_uri / accuracy / feature_names / training_data_hash."
T026,S008,PS-1: Save model artifacts (pkl / feature_names / scaler / threshold),P2,ML,Wk5,ML Engineer,PS-1 Specific,1,Recurring,High,KEEP — Sprint 2,"Save: model.pkl / scaler.pkl / feature_names.json / optimal_threshold.json / champion_metrics.json. Versioned in MLflow artifacts."
,,,,,,,,,,,,
,,SPRINT 3 — PS-2 & PS-3 (Error Patterns + Root Cause),,,,,,,,,,
T027,S009,PS-2: Prepare error log data (co-occurrence matrix from Silver error_logs),P2,ML,Wk5,ML Engineer,PS-2 Specific,2,Recurring,High,KEEP — Sprint 3,"Transform error_logs into device-level error baskets. Binary encoding: device x error_type. Time-windowed (7d/30d). Filter noise (count<2)."
T028,S009,PS-2: Train Apriori association rules (min_support=0.05 / min_confidence=0.3),P2,ML,Wk5,ML Engineer,PS-2 Specific,3,Recurring,High,KEEP — Sprint 3,"mlxtend FP-growth (faster than Apriori). Rules: {E001_NFC_TIMEOUT}→{E003_NETWORK_LOSS}. Metrics: support / confidence / lift / conviction."
T029,S009,PS-2: Filter and rank significant rules (lift>1.0 / conviction>1.2),P2,ML,Wk6,ML Engineer,PS-2 Specific,1,Recurring,High,KEEP — Sprint 3,"Remove spurious rules (lift<1.0 means negative correlation). Rank by lift*confidence. Top 20 rules as actionable patterns."
T030,S009,PS-2: Generate association rules visualization (network graph / heatmap),P2,ML,Wk6,ML Engineer,PS-2 Specific,2,Recurring,Medium,KEEP — Sprint 3,"association_rules_plot.png: scatter (support vs confidence colored by lift). Network graph of error co-occurrence. Log as artifacts."
T031,S010,PS-2: Build Markov Chain transition matrix (12 error states),P2,ML,Wk6,ML Engineer,PS-2 Specific,3,Recurring,High,KEEP — Sprint 3,"12 error types as states. P(next_error | current_error). Normalize rows to sum=1. Identify absorbing states (errors that don't recover)."
T032,S010,PS-2: Calculate stationary distribution and escalation probabilities,P2,ML,Wk6,ML Engineer,PS-2 Specific,2,Recurring,High,KEEP — Sprint 3,"Stationary distribution: long-run error type probabilities. Escalation: P(LOW→MEDIUM→HIGH→CRITICAL). Identify cascade sequences."
T033,S010,PS-2: Generate Markov heatmap and transition diagram,P2,ML,Wk6,ML Engineer,PS-2 Specific,2,Recurring,Medium,KEEP — Sprint 3,"markov_heatmap.png: seaborn heatmap of transition probabilities. Highlight top 10 transitions. Log transition_matrix.csv as artifact."
T034,S010,PS-2: Log all PS-2 metrics to MLflow (num_rules / avg_confidence / max_lift / escalations),P2,MLOps,Wk6,ML Engineer,PS-2 Specific,1,Recurring,High,KEEP — Sprint 3,"MLflow run: PS2_Error_Patterns. Metrics: num_association_rules / avg_confidence / max_lift / num_error_states / total_escalations."
T035,S011,PS-3: Run SHAP TreeExplainer on PS-1 champion model,P2,ML,Wk7,ML Engineer,PS-3 Specific,3,Recurring,Critical,KEEP — Sprint 3,"shap.TreeExplainer(champion_model). Calculate SHAP values for entire test set. Memory-intensive — use DS4_v2 compute."
T036,S011,PS-3: Generate global SHAP summary plot (beeswarm / bar),P2,ML,Wk7,ML Engineer,PS-3 Specific,2,Recurring,Critical,KEEP — Sprint 3,"shap_summary.png (beeswarm): red=high value→failure / blue=low value→normal. shap_bar.png: mean |SHAP| ranking. Top 10 features."
T037,S011,PS-3: Generate SHAP dependence plots for top 5 features,P2,ML,Wk7,ML Engineer,PS-3 Specific,2,Recurring,High,KEEP — Sprint 3,"shap_dependence_{feature}.png for each of top 5 features. Shows non-linear relationships. Color by interaction feature."
T038,S011,PS-3: Generate local SHAP waterfall explanations (per-device),P2,ML,Wk7,ML Engineer,PS-3 Specific,2,Recurring,High,KEEP — Sprint 3,"shap_local_explanation.csv: per-device SHAP breakdown. Enables 'Device X fails because signal_strength=-2.1 + error_count=+1.5'. Actionable insights."
T039,S012,PS-3: Export SHAP importance CSV (feature / mean_abs_shap / rank),P2,ML,Wk7,ML Engineer,PS-3 Specific,1,Recurring,High,KEEP — Sprint 3,"shap_importance.csv: feature_name / mean_abs_shap / rank. Feeds React dashboard PS-3 panel. Compare against RF feature_importance."
T040,S012,PS-3: Run causal inference analysis (DoWhy / causal-learn),P2,ML,Wk7,ML Engineer,PS-3 Specific,3,Recurring,High,KEEP — Sprint 3,"5 treatments: error_count / temperature_c / signal_strength_dbm / memory_usage_pct / age_days. ATE estimation. Significant=p<0.05."
T041,S012,PS-3: Generate causal graph and export causal_results.csv,P2,ML,Wk7,ML Engineer,PS-3 Specific,2,Recurring,High,KEEP — Sprint 3,"causal_results.csv: treatment / hypothesis / ate / significant. Causal graph visualization. Log all to MLflow PS3_Root_Cause experiment."
T042,S012,PS-3: Log all PS-3 metrics to MLflow (top_feature_shap / num_significant_causes),P2,MLOps,Wk7,ML Engineer,PS-3 Specific,1,Recurring,High,KEEP — Sprint 3,"MLflow run: PS3_Root_Cause. Metrics: top_feature_shap / num_significant_treatments. Artifacts: all SHAP plots + CSVs."
,,,,,,,,,,,,
,,SPRINT 4 — PS-4 & PS-5 (Anomaly Detection + SLA Risk),,,,,,,,,,
T043,S013,PS-4: Select anomaly detection features (11 operational metrics),P2,ML,Wk8,ML Engineer,PS-4 Specific,1,Recurring,High,KEEP — Sprint 4,"Feature subset: signal_strength / temperature / response_time / network_latency / power_voltage / memory / cpu / error_count / tap_success / uptime / health_score."
T044,S013,PS-4: Fit StandardScaler on training data and save scaler artifact,P2,ML,Wk8,ML Engineer,PS-4 Specific,1,Recurring,High,KEEP — Sprint 4,"StandardScaler.fit(X_train). Save scaler.pkl for inference consistency. Transform test data with fitted scaler (no data leakage)."
T045,S013,PS-4: Train Isolation Forest (contamination=0.08 / n_estimators=100),P2,ML,Wk8,ML Engineer,PS-4 Specific,3,Recurring,Critical,KEEP — Sprint 4,"IsolationForest with contamination=0.08 (expected anomaly rate). Hyperparameter search: contamination=[0.05/0.08/0.10] / n_estimators=[100/200]."
T046,S013,PS-4: Calculate anomaly scores and identify anomalous features per device,P2,ML,Wk8,ML Engineer,PS-4 Specific,2,Recurring,High,KEEP — Sprint 4,"decision_function() scores. For anomalies: compare feature values vs population mean. anomaly_feature_diff.csv: feature / anomaly_mean / normal_mean / pct_diff."
T047,S014,PS-4: Generate Isolation Forest results visualization (scatter / distribution),P2,ML,Wk8,ML Engineer,PS-4 Specific,2,Recurring,Medium,KEEP — Sprint 4,"isolation_forest_results.png: anomaly score distribution with threshold line. Scatter plot: top 2 PCA components colored by anomaly label."
T048,S014,PS-4: Implement SPC control charts for 6 key features,P2,ML,Wk9,ML Engineer,PS-4 Specific,3,Recurring,High,KEEP — Sprint 4,"X-bar charts: UCL = mean + 3*sigma / LCL = mean - 3*sigma. Features: signal / temperature / response_time / error_count / tap_success / health_score."
T049,S014,PS-4: Calculate SPC violations (outside limits) and warnings (2-3 sigma zone),P2,ML,Wk9,ML Engineer,PS-4 Specific,2,Recurring,High,KEEP — Sprint 4,"Violations: value > UCL or < LCL. Warnings: value in 2-3 sigma zone. Rules: 1 point outside / 2 of 3 in zone A / 4 of 5 in zone B."
T050,S014,PS-4: Generate SPC control chart plots and export spc_results.csv,P2,ML,Wk9,ML Engineer,PS-4 Specific,2,Recurring,Medium,KEEP — Sprint 4,"spc_control_charts.png: 6 subplots with UCL/LCL/center lines. Red dots for violations. spc_results.csv / spc_limits.json as artifacts."
T051,S014,PS-4: Log all PS-4 metrics to MLflow (anomaly_rate / spc_violations / spc_warnings),P2,MLOps,Wk9,ML Engineer,PS-4 Specific,1,Recurring,High,KEEP — Sprint 4,"MLflow run: PS4_Anomaly_Detection. Metrics: anomalies_detected / anomaly_rate_pct / spc_total_violations / spc_total_warnings."
T052,S015,PS-5: Prepare survival analysis dataset (duration / event / covariates),P2,ML,Wk9,ML Engineer,PS-5 Specific,2,Recurring,Critical,KEEP — Sprint 4,"duration_days = observation period per device. event = 1 if failure observed / 0 if censored. Covariates: age / health / errors / signal / temperature."
T053,S015,PS-5: Fit Weibull parametric survival model (lambda / rho estimation),P2,ML,Wk9,ML Engineer,PS-5 Specific,3,Recurring,Critical,KEEP — Sprint 4,"lifelines.WeibullFitter. Estimate lambda (scale) and rho (shape). rho>1 means increasing hazard (wear-out). Reliability curves at 7/14/21/30d."
T054,S015,PS-5: Generate Kaplan-Meier vs Weibull comparison plot,P2,ML,Wk10,ML Engineer,PS-5 Specific,2,Recurring,High,KEEP — Sprint 4,"km_vs_weibull.png: overlay KM empirical survival with Weibull parametric fit. Assess goodness of fit. Confidence intervals."
T055,S016,PS-5: Fit Cox Proportional Hazards model (10+ covariates),P2,ML,Wk10,ML Engineer,PS-5 Specific,3,Recurring,Critical,KEEP — Sprint 4,"lifelines.CoxPHFitter. Covariates: age_days / health_score / error_count_7d_mean / signal_7d_mean / temperature_7d_mean / cumulative_errors / maintenance_count."
T056,S016,PS-5: Validate Cox PH assumptions (proportional hazards test),P2,ML,Wk10,ML Engineer,PS-5 Specific,2,Recurring,High,KEEP — Sprint 4,"cox.check_assumptions(). Schoenfeld residuals test. If violated: stratify variable or use time-varying coefficients. Log test results."
T057,S016,PS-5: Calculate concordance index (target >0.80),P2,ML,Wk10,ML Engineer,PS-5 Specific,1,Recurring,Critical,KEEP — Sprint 4,"cox.concordance_index_. Target: >0.80. Compare against naive baseline. Log to MLflow. REJECT model if <0.75."
T058,S016,PS-5: Generate hazard ratio plots and Cox risk stratification,P2,ML,Wk10,ML Engineer,PS-5 Specific,2,Recurring,High,KEEP — Sprint 4,"cox_hazard_ratios.png: forest plot of exp(coef) with 95% CI. cox_risk_stratification.png: survival curves by risk quartile."
T059,S017,PS-5: Calculate Remaining Useful Life (RUL) per device,P2,ML,Wk10,ML Engineer,PS-5 Specific,3,Recurring,Critical,KEEP — Sprint 4,"RUL = median survival time remaining given current covariates. Risk tiers: CRITICAL(<7d) / HIGH(7-14d) / MEDIUM(14-30d) / LOW(>30d)."
T060,S017,PS-5: Calculate SLA breach probability per device,P2,ML,Wk10,ML Engineer,PS-5 Specific,2,Recurring,Critical,KEEP — Sprint 4,"P(failure within SLA window) = 1 - survival_function(SLA_days). Combine with RUL for composite sla_risk_score (0-100)."
T061,S017,PS-5: Export rul_estimates.csv / sla_risk_scores.csv / cox_summary.csv,P2,ML,Wk10,ML Engineer,PS-5 Specific,1,Recurring,High,KEEP — Sprint 4,"Per-device outputs: device_id / rul_median_days / survival_prob / risk_tier / sla_breach_prob / sla_risk_score. Log all as MLflow artifacts."
T062,S017,PS-5: Log all PS-5 metrics to MLflow (weibull_lambda / cox_concordance / mean_rul),P2,MLOps,Wk10,ML Engineer,PS-5 Specific,1,Recurring,High,KEEP — Sprint 4,"MLflow run: PS5_SLA_Risk. Metrics: weibull_lambda / weibull_rho / cox_concordance_index / mean_rul_days / reliability_7d/14d/21d/30d / high_risk_devices."
,,,,,,,,,,,,
,,SPRINT 5 — MLOPS MODEL MANAGEMENT & REGISTRY,,,,,,,,,,
T063,S018,Register all 5 PS models in MLflow Model Registry,P2,MLOps,Wk11,MLOps Engineer,MLOps Core,3,Recurring,Critical,KEEP — Sprint 5,"Register: PS1_Failure_Champion / PS2_Error_Patterns / PS3_Root_Cause / PS4_Anomaly_Detector / PS5_SLA_Risk. Stage: Production."
T064,S018,Implement Champion/Challenger model comparison logic,P2,MLOps,Wk11,MLOps Engineer,MLOps Core,3,Recurring,Critical,KEEP — Sprint 5,"Compare new model vs current Production model. Promote only if new_metric > current_metric. Challenger stays in Staging. Auto-archive old versions."
T065,S018,Build model versioning and lineage tracking,P2,MLOps,Wk11,MLOps Engineer,MLOps Core,2,Recurring,High,KEEP — Sprint 5,"Track: model_version / training_data_hash / feature_set_version / parent_experiment / training_timestamp. Full reproducibility chain."
T066,S019,Implement Evidently AI data drift detection (DataDriftPreset),P2,MLOps,Wk11,MLOps Engineer,MLOps Core,3,Recurring,Critical,KEEP — Sprint 5,"Evidently Report with DataDriftPreset. Compare reference (training) vs current (daily) data. drift_share threshold: 30%. HTML report output."
T067,S019,Implement Evidently AI data quality monitoring (DataSummaryPreset),P2,MLOps,Wk11,MLOps Engineer,MLOps Core,2,Recurring,High,KEEP — Sprint 5,"DataSummaryPreset: column stats / missing values / distribution changes. Paired with Great Expectations for comprehensive quality."
T068,S019,Build drift decision logic (drift_share > 30% → trigger retraining),P2,MLOps,Wk12,MLOps Engineer,MLOps Core,2,Recurring,Critical,KEEP — Sprint 5,"drift_decision.json output: drift_share / should_retrain / reason / timestamp. Feeds automated retraining pipeline trigger."
T069,S020,Implement Great Expectations quality validation suite (Bronze/Silver/Gold),P2,MLOps,Wk12,MLOps Engineer,MLOps Core,4,Recurring,High,KEEP — Sprint 5,"3 expectation suites: Bronze (9 checks) / Silver (13 checks) / Gold (11 checks). Total: 33 expectations. quality_summary.json output."
T070,S020,Build quality gate logic (pass_rate > 97% required for Gold→ML),P2,MLOps,Wk12,MLOps Engineer,MLOps Core,2,Recurring,Critical,KEEP — Sprint 5,"Quality gate: overall_pass_rate >= 97%. If fail: block Gold→ML pipeline / alert Data Engineering / quarantine batch for investigation."
T071,S020,Generate quality reports (CSV + JSON + HTML) and log to MLflow,P2,MLOps,Wk12,MLOps Engineer,MLOps Core,1,Recurring,Medium,KEEP — Sprint 5,"quality_report.csv / quality_summary.json per layer. Log to Drift_Detection MLflow experiment. Track quality trends over time."
,,,,,,,,,,,,
,,SPRINT 6 — AUTOMATED RETRAINING & SCHEDULING,,,,,,,,,,
T072,S021,Build daily scheduled pipeline script (daily_scheduled_pipeline.py),P2,MLOps,Wk13,MLOps Engineer,MLOps Core,5,Recurring,Critical,KEEP — Sprint 6,"Full pipeline: Ingest→Clean→Quality→Predict(PS1-5)→Drift→Retrain_if_needed. Watermark tracking. CDC detection. 6 AM daily trigger."
T073,S021,Implement watermark tracking for incremental data processing,P2,MLOps,Wk13,MLOps Engineer,MLOps Core,2,Recurring,Critical,KEEP — Sprint 6,"data/watermarks/ directory. Per-table watermark: last_processed_date / last_row_count / last_quality_score. Prevents re-processing."
T074,S021,Implement CDC (Change Data Capture) detection in daily pipeline,P2,MLOps,Wk13,MLOps Engineer,MLOps Core,3,Recurring,High,KEEP — Sprint 6,"Detect new records (INSERT) vs updated records (UPDATE). WHERE updated_at > @watermark. Merge strategy for updates."
T075,S022,Build 4 automated retraining triggers,P2,MLOps,Wk13,MLOps Engineer,MLOps Core,4,Recurring,Critical,KEEP — Sprint 6,"Trigger 1: Accuracy<90% (CRITICAL / immediate). Trigger 2: Accuracy<92% (HIGH / scheduled). Trigger 3: Drift>30% (MEDIUM). Trigger 4: 15-day cycle (LOW / routine)."
T076,S022,Implement 15-day training data accumulation cycle,P2,MLOps,Wk14,MLOps Engineer,MLOps Core,3,Recurring,High,KEEP — Sprint 6,"Daily data → training_buffer/. Every 15 days: merge buffer → full training set → retrain all PS. Track: buffer_size / days_accumulated / next_retrain_date."
T077,S022,Build retraining validation pipeline (train→evaluate→compare→deploy),P2,MLOps,Wk14,MLOps Engineer,MLOps Core,4,Recurring,Critical,KEEP — Sprint 6,"Retrain all 5 PS. Evaluate on held-out test. Compare vs current Production model. Deploy only if new > current. Auto-rollback on failure."
T078,S023,Implement model A/B testing framework (Champion vs Challenger traffic split),P2,MLOps,Wk14,MLOps Engineer,MLOps Core,4,One-Time,High,KEEP — Sprint 6,"Route 5% traffic to Challenger model. Compare prediction accuracy / latency / error rate over 24h. Auto-promote if Challenger wins."
T079,S023,Build retraining notification system (Slack / email / MLflow tags),P2,MLOps,Wk14,MLOps Engineer,MLOps Core,2,Recurring,Medium,KEEP — Sprint 6,"Notify on: retrain_triggered / retrain_completed / model_promoted / retrain_failed. Channels: Slack #ml-alerts / email ml-team@. MLflow run tags."
T080,S023,Configure Windows Task Scheduler / Databricks Workflow for 6 AM daily run,P2,MLOps,Wk14,MLOps Engineer,MLOps Core,2,Recurring,High,KEEP — Sprint 6,"Local: run_daily.bat in Task Scheduler. Azure: Databricks Workflow multi-task job. Airflow alternative: daily_pipeline_dag.py."
,,,,,,,,,,,,
,,SPRINT 7 — API PREDICTION SERVICE & MONITORING,,,,,,,,,,
T081,S024,Build FastAPI /predict/failure endpoint (PS-1 single device),P2,App/ML,Wk15,ML Engineer,API Serving,3,Recurring,Critical,KEEP — Sprint 7,"Load PS-1 champion model. Feature preparation from request JSON. predict_proba. Risk tier classification. Response: probability / tier / action."
T082,S024,Build FastAPI /predict/anomaly endpoint (PS-4 single device),P2,App/ML,Wk15,ML Engineer,API Serving,2,Recurring,High,KEEP — Sprint 7,"Load IsolationForest + scaler. decision_function score. Identify anomalous features by comparing vs population. Response: is_anomaly / score / features."
T083,S024,Build FastAPI /predict/sla-risk endpoint (PS-5 single device),P2,App/ML,Wk15,ML Engineer,API Serving,3,Recurring,Critical,KEEP — Sprint 7,"Composite SLA risk: Weibull survival + Cox hazard + RUL estimate. Response: sla_risk_score / rul_days / risk_tier / recommended_action."
T084,S025,Build FastAPI /predict/batch/all endpoint (all 5 PS for multiple devices),P2,App/ML,Wk15,ML Engineer,API Serving,4,Recurring,Critical,KEEP — Sprint 7,"Batch: 15-500 devices. Run PS1+PS2+PS3+PS4+PS5 per device. PS2: error patterns for batch. PS3: SHAP for top-risk devices. Parallel execution."
T085,S025,Build FastAPI /dashboard/summary endpoint (aggregated PS results),P2,App/ML,Wk15,ML Engineer,API Serving,3,Recurring,High,KEEP — Sprint 7,"Aggregate all PS outputs for React dashboard. champion_model / shap_importance / anomaly_summary / rul_estimates / drift_status / quality_metrics."
T086,S026,Integrate 28 Prometheus custom metrics into API,P2,MLOps,Wk16,MLOps Engineer,Monitoring,3,Recurring,High,KEEP — Sprint 7,"5 request metrics + 6 model performance + 4 risk/business + 3 system + 3 drift + 7 process. Histogram buckets for latency / probability distributions."
T087,S026,Configure Prometheus scrape targets (local + Docker),P2,MLOps,Wk16,MLOps Engineer,Monitoring,2,Recurring,High,KEEP — Sprint 7,"prometheus.yml: telemetry-api (host.docker.internal:8000) for local / telemetry-api-docker (telemetry-api:8000) for Docker. 15s scrape interval."
T088,S026,Build 4 Grafana dashboards (Operations / Model / SLA / Drift),P2,MLOps,Wk16,MLOps Engineer,Monitoring,4,Recurring,High,KEEP — Sprint 7,"Operations: predictions/min / P99 latency / error rate. Model: failure_prob distribution / anomaly scores. SLA: devices_at_risk / RUL. Drift: drift_share / quality."
T089,S027,Configure 7 Grafana alert rules (error_rate / latency / drift / quality / devices_at_risk),P2,MLOps,Wk16,MLOps Engineer,Monitoring,2,Recurring,High,KEEP — Sprint 7,"7 alerts with severity. Critical: error_rate>10% / model_not_loaded. Warning: drift>30% / latency>1s / quality<90%. Notification channels."
T090,S027,Implement Azure App Insights integration (SDK + KQL queries),P2,MLOps,Wk16,MLOps Engineer,Monitoring,3,One-Time,High,KEEP — Sprint 7,"opencensus-ext-azure SDK. Map all 28 Prometheus metrics → customMetrics. 20+ KQL queries for: requests / model performance / drift / system health."
,,,,,,,,,,,,
,,SPRINT 8 — DEPLOYMENT STRATEGIES & CI/CD,,,,,,,,,,
T091,S028,Build Docker images for API / ML-service (Dockerfile + docker-compose),P2,MLOps,Wk17,MLOps Engineer,Deployment,3,Recurring,High,KEEP — Sprint 8,"Dockerfile: python:3.11-slim base. Multi-stage build. ~200MB image. docker-compose.yml: api + prometheus + grafana + nginx. Health checks."
T092,S028,Build Blue-Green deployment configuration (docker-compose.blue-green.yml),P2,MLOps,Wk17,MLOps Engineer,Deployment,3,One-Time,High,KEEP — Sprint 8,"Blue (current v1) + Green (new v2). Nginx weight routing. Flip: edit weights → nginx -s reload. Rollback: <30s. Zero downtime."
T093,S028,Build Canary deployment configuration (gradual traffic shift),P2,MLOps,Wk17,MLOps Engineer,Deployment,2,One-Time,Medium,KEEP — Sprint 8,"Nginx weight tuning: 5%→20%→50%→100% over 4 stages. Monitor at each stage. Auto-rollback if error_rate > baseline + 2%."
T094,S029,Build GitHub Actions CI pipeline (lint → test → build → validate),P2,MLOps,Wk17,MLOps Engineer,CI/CD,4,Recurring,High,KEEP — Sprint 8,"4 stages: flake8 lint / pytest / Docker build / model accuracy check. Quality gates: coverage>80% / no critical bugs / ML accuracy>90%."
T095,S029,Build GitHub Actions retraining workflow (on drift webhook),P2,MLOps,Wk18,MLOps Engineer,CI/CD,3,Recurring,High,KEEP — Sprint 8,"Trigger: workflow_dispatch or webhook from drift detection. Steps: checkout → setup python → retrain → evaluate → register → deploy if better."
T096,S030,Build model serving health check and readiness probes,P2,MLOps,Wk18,MLOps Engineer,Deployment,2,Recurring,High,KEEP — Sprint 8,"/health: uptime / models_loaded / last_prediction_time. /ready: all models loaded + DB connected + quality > threshold. Kubernetes-compatible."
T097,S030,Implement model rollback procedure (automated + manual),P2,MLOps,Wk18,MLOps Engineer,Deployment,2,Recurring,Critical,KEEP — Sprint 8,"Automated: if error_rate > 1% for 5min → rollback to previous Production model version. Manual: mlflow models transition --stage Archived."
T098,S030,Build production deployment checklist (30-point validation per MARS),P2,MLOps,Wk18,MLOps Engineer,Deployment,2,One-Time,High,KEEP — Sprint 8,"6 categories: Code Quality (6) / ML Validation (5) / Infrastructure (6) / Data Quality (5) / Documentation (4) / Communication (4). GO/NO-GO gate."
,,,,,,,,,,,,
,,SPRINT 9 — TESTING & OPERATIONAL RUNBOOKS,,,,,,,,,,
T099,S031,Write unit tests for PS-1 model training (test_ps1_failure.py),P3,ML Test,Wk19,ML Engineer,Testing,3,Recurring,High,KEEP — Sprint 9,"pytest: test_data_split / test_model_accuracy / test_feature_importance / test_threshold / test_ensemble_weights. Fixtures with synthetic data."
T100,S031,Write unit tests for PS-2 to PS-5 training notebooks,P3,ML Test,Wk19,ML Engineer,Testing,4,Recurring,High,KEEP — Sprint 9,"test_ps2: association_rules_count / markov_stochastic. test_ps3: shap_values_shape. test_ps4: anomaly_rate_range. test_ps5: rul_positive / concordance."
T101,S031,Write integration tests for daily pipeline (end-to-end),P3,MLOps Test,Wk19,MLOps Engineer,Testing,3,Recurring,High,KEEP — Sprint 9,"Test full pipeline: generate_test_data → ingest → clean → predict_all_ps → drift_check → retrain_if_needed. Assert watermark / CDC / quality gates."
T102,S032,Write API integration tests for all prediction endpoints,P3,App Test,Wk19,ML Engineer,Testing,3,Recurring,High,KEEP — Sprint 9,"pytest + httpx: test_predict_failure / test_predict_anomaly / test_predict_sla_risk / test_batch_all / test_dashboard_summary. Schema validation."
T103,S032,Write model performance regression tests (accuracy bounds),P3,ML Test,Wk20,ML Engineer,Testing,2,Recurring,Critical,KEEP — Sprint 9,"Automated tests that FAIL if: PS1 AUC < 0.90 / PS5 concordance < 0.75 / PS4 anomaly_rate > 20%. Prevents deploying degraded models."
T104,S033,Build operational runbook: Model Accuracy Degradation,P3,MLOps,Wk20,MLOps Engineer,Runbooks,2,One-Time,High,KEEP — Sprint 9,"Trigger: accuracy<90%. Steps: verify → check data quality → analyze drift → branch (85-90%: WARNING retrain / <85%: CRITICAL fallback model)."
T105,S033,Build operational runbook: Pipeline Failure (Bronze/Silver/Gold),P3,MLOps,Wk20,MLOps Engineer,Runbooks,2,One-Time,High,KEEP — Sprint 9,"Trigger: ADF/pipeline status=Failed. Steps: identify failed step → check error logs → diagnose (5 common causes) → fix → retry → escalate if >2hr."
T106,S033,Build operational runbook: Drift Detected / Retraining Required,P3,MLOps,Wk20,MLOps Engineer,Runbooks,2,One-Time,High,KEEP — Sprint 9,"Trigger: drift_share>30%. Steps: confirm drift (not data quality issue) → identify drifted features → run retraining → validate → deploy → monitor."
T107,S034,Build operational runbook: API High Error Rate / Latency Spike,P3,MLOps,Wk20,MLOps Engineer,Runbooks,2,One-Time,High,KEEP — Sprint 9,"Trigger: error_rate>1% or P95>500ms. Steps: check API logs → check model loading → check DB connections → restart if needed → scale if load."
T108,S034,Build operational runbook: SLA Breach Risk / Critical Devices Alert,P3,MLOps,Wk20,MLOps Engineer,Runbooks,2,One-Time,High,KEEP — Sprint 9,"Trigger: devices_at_risk>20 or critical_devices>5. Steps: validate predictions → identify devices → generate maintenance work orders → notify operations."
T109,S034,Build operational runbook: Blue-Green Deployment Rollback,P3,MLOps,Wk20,MLOps Engineer,Runbooks,2,One-Time,High,KEEP — Sprint 9,"Trigger: post-deploy error_rate>1% or accuracy<90%. Steps: stop traffic to Green → route 100% to Blue → verify health → investigate Green → re-deploy."
T110,S035,Build operational runbook: Cache Failure / Redis Connection Issues,P3,MLOps,Wk20,MLOps Engineer,Runbooks,1,One-Time,Medium,KEEP — Sprint 9,"Trigger: cache_hit_rate<50% or Redis connection error. Steps: check Redis health → check network → restart Redis → fallback to direct inference."
,,,,,,,,,,,,
,,SUMMARY,,,,,,,,,,
,,Total Tasks: 110,,,,,,Total Effort: ~260 days,,,,
,,ML Model Development Tasks: 53,,,,,,ML Effort: ~124 days,,,,
,,MLOps Tasks: 45,,,,,,MLOps Effort: ~110 days,,,,
,,API/Serving Tasks: 12,,,,,,API Effort: ~26 days,,,,
,,Sprint Duration: 2 weeks each,,,,,,Total Sprints: 9 (18 weeks),,,,
,,Team Size: 2 ML Engineers + 1 MLOps Engineer,,,,,,,,,,
